<?xml version="1.0" encoding="UTF-8" standalone="yes"?>
<addon id="plugin.video.RobinHood-PPL-List"
       name="RobinHood-People List"
       version="2.0"
       provider-name="Husham.com">
  <requires>
    <import addon="xbmc.python" version="2.1.0"/>
    <import addon="script.module.beautifulsoup" version="3.2.1"/>
    <import addon="script.module.simple.downloader" version="0.9.4"/>
    <import addon="script.module.beautifulsoup4" />
    <import addon="script.module.simple.downloader" version="0.9.4"/>
    <import addon="script.module.requests" />
    <import addon="script.module.httplib2" />
    <import addon="script.module.youtube.dl" optional="true"/>
    <import addon="plugin.video.youtube" />
    <import addon="script.module.urlresolver" optional="true"/>
    <import addon="script.module.simplejson" />    
  </requires>
  <extension point="xbmc.python.pluginsource" library="default.py">
    <provides>video</provides>
  </extension>
  <extension point="xbmc.addon.metadata">
    <summary lang="en">RobinHood People Lists - downloaded for free from:
http://www.husham.com</summary>
    <description lang="en">RobinHood-People List - The shadow crew finest addon
	The ShadowCrew Has been working round the clock to make this addon working great for all.
	http://www.husham.com 
</description>
    <platform>all</platform>
  </extension>
</addon>
