<?xml version="1.0" encoding="UTF-8" standalone="yes"?>
<addon id="plugin.video.RobinHood-PPL-List"
       name="RobinHood-People List"
       version="2.0.2"
       provider-name="Husham.com">
  <requires>
    <import addon="xbmc.python" version="2.1.0"/>
    <import addon="script.module.beautifulsoup" version="3.2.1"/>
    <import addon="script.module.simple.downloader" version="0.9.4"/>
    <import addon="script.module.beautifulsoup4" />
    <import addon="script.module.simple.downloader" version="0.9.4"/>
    <import addon="script.module.requests" />
    <import addon="script.module.httplib2" />
    <import addon="script.module.youtube.dl" optional="true"/>
    <import addon="plugin.video.youtube" />
    <import addon="script.module.urlresolver" optional="true"/>
    <import addon="script.module.simplejson" />    
  </requires>
  <extension point="xbmc.python.pluginsource" library="default.py">
    <provides>video</provides>
  </extension>
  <extension point="xbmc.addon.metadata">
    <summary lang="en">RobinHood People Lists - downloaded for free from:
http://robinhoodgroup-tv.info/community/index.php</summary>
    <description lang="en">RobinHood-People List - One of the ShadowCrew finest addon
	The ShadowCrew Has been working round the clock to bring LIVE TV / TV Shows / Films for all.
	http://robinhoodgroup-tv.info/community/index.php 
	
	Always Pay attention to add the source by going to configure and click Add Source.
	
	P.S. Special Thanks to Shani for his Excellent work for LiveStream Pro add-on
</description>
    <platform>all</platform>
  </extension>
</addon>
